{
    "loss": 0.38173288106918335,
    "accuracy": 0.931034505367279
}